epoch,time,train/box_loss,train/cls_loss,train/l1_loss,metrics/precision(B),metrics/recall(B),metrics/mAP50(B),metrics/mAP50-95(B),val/box_loss,val/cls_loss,val/l1_loss,lr/pg0,lr/pg1,lr/pg2
1,2.17153,1.48675,4.05207,0.01403,0.00809,0.66667,0.08813,0.04532,1.06707,5.62941,0.01297,0.000408286,0.000408286,0.000408286
2,3.85013,1.10514,3.76681,0.00935,0.01255,1,0.39135,0.23356,0.92313,5.56347,0.01031,0.000875861,0.000875861,0.000875861
3,5.48746,1.01568,3.43549,0.00924,0.01253,1,0.67692,0.38728,0.78019,5.40789,0.00941,0.00133401,0.00133401,0.00133401
4,7.13912,0.98492,2.98349,0.00829,0.01251,1,0.74333,0.52933,0.80143,5.18783,0.00921,0.00138656,0.00138656,0.00138656
5,8.76631,0.97819,2.76004,0.00843,0.01251,1,0.73649,0.50598,0.81806,5.1684,0.00986,0.00137241,0.00137241,0.00137241
6,10.3917,0.98048,2.43127,0.00809,1,0.19542,0.87516,0.68017,0.7437,4.83582,0.00844,0.00135826,0.00135826,0.00135826
7,12.0417,0.98521,2.40253,0.00832,0.91906,0.53333,0.97278,0.71573,0.90866,4.5835,0.01217,0.00134412,0.00134412,0.00134412
8,13.7289,1.03189,2.39621,0.00927,0.85962,0.80263,0.97595,0.71077,0.85403,4.31882,0.0118,0.00132997,0.00132997,0.00132997
9,15.3453,0.97081,2.07947,0.00804,0.81249,1,0.98389,0.71893,0.79876,4.27123,0.01005,0.00131582,0.00131582,0.00131582
10,17.0041,0.95994,2.06113,0.00856,0.80737,1,0.96167,0.70139,0.82501,4.04587,0.00914,0.00130168,0.00130168,0.00130168
11,18.6785,1.01591,1.90048,0.0087,0.81713,1,0.96167,0.73681,0.70857,3.98426,0.00853,0.00128753,0.00128753,0.00128753
12,20.3915,0.97716,1.78343,0.00794,0.89704,0.98875,0.96167,0.73556,0.88758,3.71355,0.00985,0.00127338,0.00127338,0.00127338
13,22.1208,0.97538,1.80729,0.00845,0.9318,0.95868,0.98389,0.76096,0.87306,3.5468,0.01013,0.00125923,0.00125923,0.00125923
14,23.893,0.93731,1.66679,0.00785,0.96188,0.92032,0.97595,0.75393,0.84321,3.27022,0.0099,0.00124509,0.00124509,0.00124509
15,25.5993,0.91783,1.60456,0.00758,0.96565,0.92096,0.98389,0.76261,0.96853,3.00655,0.01057,0.00123094,0.00123094,0.00123094
16,27.3222,0.93198,1.54483,0.00756,0.97178,0.9911,0.995,0.79006,0.9092,2.74439,0.01135,0.00121679,0.00121679,0.00121679
17,28.9643,0.92443,1.58488,0.00786,0.96757,0.99151,0.995,0.81609,0.89649,2.65434,0.01044,0.00120265,0.00120265,0.00120265
18,30.652,0.88039,1.56659,0.00744,0.91775,0.99266,0.97278,0.7975,0.79533,2.55511,0.00985,0.0011885,0.0011885,0.0011885
19,32.3726,0.93023,1.47661,0.00759,0.92772,0.99379,0.98389,0.76874,0.96774,2.51504,0.0117,0.00117435,0.00117435,0.00117435
20,34.1036,0.96514,1.46648,0.00824,0.9907,0.9984,0.995,0.79667,0.87006,2.38949,0.01017,0.00116021,0.00116021,0.00116021
21,35.8166,0.86233,1.37736,0.00679,0.98916,1,0.995,0.80761,0.88652,2.30339,0.01053,0.00114606,0.00114606,0.00114606
22,37.4689,0.89872,1.30572,0.00702,0.96832,0.98331,0.995,0.74852,0.96962,2.19504,0.01058,0.00113191,0.00113191,0.00113191
23,39.1231,0.90429,1.33484,0.00744,0.98589,1,0.995,0.75918,0.95836,2.13347,0.01078,0.00111776,0.00111776,0.00111776
24,40.8058,0.87306,1.24843,0.00708,0.91386,0.98753,0.98389,0.75814,0.91806,2.12217,0.01089,0.00110362,0.00110362,0.00110362
25,42.5008,0.89957,1.25378,0.00703,0.92519,0.96382,0.95056,0.73578,0.90658,2.12032,0.0109,0.00108947,0.00108947,0.00108947
26,44.1808,0.8196,1.15491,0.00684,0.92626,1,0.97278,0.74538,0.97038,2.07907,0.0108,0.00107532,0.00107532,0.00107532
27,45.8423,0.88151,1.20431,0.00721,0.92049,0.99514,0.98389,0.78317,0.90067,2.06287,0.0102,0.00106118,0.00106118,0.00106118
28,47.4494,0.84611,1.16447,0.00673,0.92575,1,0.98389,0.76542,1.0069,2.01385,0.01185,0.00104703,0.00104703,0.00104703
29,49.0673,0.87609,1.13202,0.00685,0.99228,0.99253,0.995,0.78273,1.01099,1.99188,0.01127,0.00103288,0.00103288,0.00103288
30,50.6666,0.88697,1.16783,0.00733,0.98869,0.99678,0.995,0.77263,0.94149,1.83604,0.01108,0.00101873,0.00101873,0.00101873
31,52.2872,0.9006,1.13023,0.00708,0.98608,0.99369,0.995,0.76635,0.9936,1.80645,0.01092,0.00100459,0.00100459,0.00100459
32,53.9092,0.86328,1.07765,0.00684,0.98495,1,0.995,0.76323,0.8958,1.84694,0.00951,0.00099044,0.00099044,0.00099044
33,55.5094,0.85491,1.08187,0.00704,0.98234,0.99868,0.995,0.79944,0.80282,1.79728,0.00879,0.000976293,0.000976293,0.000976293
34,57.1163,0.83384,1.06704,0.00653,0.97858,0.9936,0.995,0.78549,0.79717,1.73391,0.00948,0.000962146,0.000962146,0.000962146
35,58.7142,0.82795,1.02778,0.00636,0.9806,1,0.995,0.77004,0.87105,1.73962,0.00959,0.000947999,0.000947999,0.000947999
36,60.3238,0.83796,1.02511,0.00735,0.98217,1,0.995,0.76163,0.95211,1.65743,0.0109,0.000933851,0.000933851,0.000933851
37,61.931,0.84299,0.94393,0.00679,0.98211,1,0.995,0.77177,0.97128,1.6187,0.01096,0.000919704,0.000919704,0.000919704
38,63.5383,0.82795,0.93563,0.00659,0.97975,1,0.995,0.79533,0.95074,1.58692,0.01095,0.000905557,0.000905557,0.000905557
39,65.1436,0.83779,0.97986,0.00656,0.97853,1,0.995,0.80432,0.88654,1.56733,0.0107,0.00089141,0.00089141,0.00089141
40,66.7392,0.80058,0.95951,0.00674,0.98074,0.99669,0.995,0.81467,0.81946,1.52736,0.00985,0.000877263,0.000877263,0.000877263
41,68.319,0.78949,1.01777,0.00662,0.98493,0.99935,0.995,0.82217,0.84877,1.51532,0.01011,0.000863116,0.000863116,0.000863116
42,69.9446,0.74835,0.86146,0.00584,0.98251,0.99929,0.995,0.78736,0.92385,1.58523,0.01073,0.000848969,0.000848969,0.000848969
43,71.5742,0.75045,0.9362,0.00664,0.96906,1,0.995,0.7695,0.9,1.5197,0.01001,0.000834822,0.000834822,0.000834822
44,73.1856,0.76644,0.90244,0.00607,0.97121,1,0.995,0.78933,0.83035,1.48678,0.00929,0.000820675,0.000820675,0.000820675
45,74.7866,0.75009,0.89821,0.00582,0.97618,1,0.995,0.79917,0.85372,1.43613,0.00953,0.000806528,0.000806528,0.000806528
46,76.3829,0.77199,0.89378,0.00605,0.98149,1,0.995,0.78603,0.86005,1.38873,0.00987,0.00079238,0.00079238,0.00079238
47,78.0179,0.76564,0.84723,0.00583,0.98616,1,0.995,0.79286,0.85139,1.37894,0.00939,0.000778233,0.000778233,0.000778233
48,79.6615,0.77602,0.86448,0.00678,0.98703,1,0.995,0.81217,0.82752,1.36379,0.00957,0.000764086,0.000764086,0.000764086
49,81.2836,0.75753,0.84347,0.00633,0.98367,1,0.995,0.79292,0.82817,1.33455,0.00945,0.000749939,0.000749939,0.000749939
50,82.9796,0.73211,0.79953,0.00587,0.98561,0.99747,0.995,0.82217,0.84268,1.34996,0.00927,0.000735792,0.000735792,0.000735792
51,84.6514,0.74237,0.84726,0.00589,0.98849,0.99957,0.995,0.8355,0.79912,1.29046,0.00886,0.000721645,0.000721645,0.000721645
52,86.2842,0.7435,0.81533,0.0057,0.98322,1,0.995,0.79633,0.93057,1.29846,0.01101,0.000707498,0.000707498,0.000707498
53,87.905,0.73776,0.80328,0.00621,0.98444,1,0.995,0.79303,0.94573,1.28546,0.01121,0.000693351,0.000693351,0.000693351
54,89.5755,0.67768,0.76462,0.00589,0.98013,1,0.995,0.79228,0.81926,1.21556,0.00888,0.000679204,0.000679204,0.000679204
55,91.2242,0.68738,0.80534,0.00527,0.98289,1,0.995,0.79611,0.82542,1.17694,0.00902,0.000665057,0.000665057,0.000665057
56,92.9049,0.69304,0.74833,0.00536,0.98546,1,0.995,0.80957,0.82413,1.17147,0.00932,0.000650909,0.000650909,0.000650909
57,94.5671,0.66761,0.79353,0.00551,0.9871,1,0.995,0.78012,0.85426,1.17351,0.00999,0.000636762,0.000636762,0.000636762
58,96.2125,0.67603,0.71458,0.00569,0.98491,1,0.995,0.78411,0.81153,1.20404,0.00922,0.000622615,0.000622615,0.000622615
59,97.8546,0.69648,0.69789,0.00511,0.98897,1,0.995,0.80292,0.80322,1.17592,0.00875,0.000608468,0.000608468,0.000608468
60,99.5061,0.71633,0.75254,0.00585,0.98409,1,0.995,0.80596,0.79754,1.1493,0.00882,0.000594321,0.000594321,0.000594321
61,101.198,0.68665,0.70911,0.00557,0.98271,1,0.995,0.79069,0.85413,1.17281,0.00998,0.000580174,0.000580174,0.000580174
62,102.904,0.67654,0.685,0.00535,0.98258,1,0.995,0.82121,0.80019,1.10262,0.00892,0.000566027,0.000566027,0.000566027
63,104.583,0.72312,0.73909,0.00564,0.98315,1,0.995,0.81333,0.75016,1.05272,0.00873,0.00055188,0.00055188,0.00055188
64,106.232,0.68546,0.66147,0.00559,0.98548,1,0.995,0.81853,0.80352,1.00263,0.00952,0.000537733,0.000537733,0.000537733
65,107.851,0.6692,0.69788,0.00529,0.98668,1,0.995,0.80633,0.84627,0.97915,0.00976,0.000523586,0.000523586,0.000523586
66,109.487,0.68565,0.67054,0.00521,0.985,1,0.995,0.77575,0.84945,1.02121,0.00979,0.000509438,0.000509438,0.000509438
67,111.207,0.6613,0.68604,0.00525,0.98581,1,0.995,0.79107,0.84112,1.0439,0.00923,0.000495291,0.000495291,0.000495291
68,112.897,0.69915,0.72765,0.00515,0.98472,1,0.995,0.77736,0.86252,1.01861,0.00942,0.000481144,0.000481144,0.000481144
69,114.543,0.68965,0.68226,0.00513,0.98155,1,0.995,0.75717,0.86786,0.98355,0.00944,0.000466997,0.000466997,0.000466997
70,116.174,0.63278,0.71337,0.00503,0.97572,1,0.995,0.75706,0.88698,0.97705,0.00969,0.00045285,0.00045285,0.00045285
71,117.824,0.6602,0.64451,0.00482,0.97513,1,0.995,0.77427,0.87952,0.98317,0.00959,0.000438703,0.000438703,0.000438703
72,119.478,0.62711,0.62918,0.00497,0.97593,1,0.995,0.79863,0.84868,0.94054,0.00967,0.000424556,0.000424556,0.000424556
73,121.175,0.67342,0.67221,0.00493,0.97618,1,0.995,0.79863,0.84364,0.92289,0.00961,0.000410409,0.000410409,0.000410409
74,122.853,0.60218,0.61871,0.00478,0.97729,1,0.995,0.79354,0.84837,0.90831,0.00953,0.000396262,0.000396262,0.000396262
75,124.519,0.65915,0.62588,0.00514,0.97927,1,0.995,0.78604,0.85409,0.8855,0.00971,0.000382115,0.000382115,0.000382115
76,126.175,0.63976,0.62651,0.0049,0.97884,1,0.995,0.79571,0.81099,0.85356,0.00889,0.000367967,0.000367967,0.000367967
77,127.811,0.65108,0.61888,0.00484,0.97977,1,0.995,0.80653,0.80342,0.84847,0.00868,0.00035382,0.00035382,0.00035382
78,129.426,0.62335,0.62925,0.00494,0.98195,1,0.995,0.79567,0.82901,0.86315,0.0089,0.000339673,0.000339673,0.000339673
79,131.052,0.62108,0.58854,0.00461,0.98466,1,0.995,0.80052,0.81842,0.85346,0.00892,0.000325526,0.000325526,0.000325526
80,132.711,0.66281,0.64041,0.00476,0.98631,1,0.995,0.80471,0.82386,0.82546,0.00896,0.000311379,0.000311379,0.000311379
81,134.367,0.63224,0.62248,0.00459,0.98599,1,0.995,0.80129,0.80725,0.81081,0.00875,0.000297232,0.000297232,0.000297232
82,136.012,0.64435,0.63971,0.00463,0.98472,1,0.995,0.81129,0.79622,0.80301,0.0086,0.000283085,0.000283085,0.000283085
83,137.612,0.62333,0.59713,0.00473,0.98458,1,0.995,0.80863,0.79108,0.80524,0.0086,0.000268938,0.000268938,0.000268938
84,139.205,0.62141,0.63475,0.00474,0.98494,1,0.995,0.81129,0.81156,0.81381,0.00877,0.000254791,0.000254791,0.000254791
85,140.808,0.66223,0.63924,0.0049,0.9853,1,0.995,0.79967,0.83214,0.81782,0.00899,0.000240644,0.000240644,0.000240644
86,142.436,0.60624,0.57618,0.00466,0.9834,1,0.995,0.79967,0.84169,0.81953,0.0092,0.000226497,0.000226497,0.000226497
87,144.057,0.63618,0.5779,0.00492,0.98415,1,0.995,0.81129,0.83531,0.81677,0.00899,0.000212349,0.000212349,0.000212349
88,145.668,0.58061,0.57347,0.00433,0.9844,1,0.995,0.81129,0.81962,0.80037,0.00901,0.000198202,0.000198202,0.000198202
89,147.26,0.60366,0.60224,0.00439,0.98401,1,0.995,0.81129,0.8118,0.79675,0.00896,0.000184055,0.000184055,0.000184055
90,148.866,0.58275,0.61274,0.00445,0.98333,1,0.995,0.80729,0.80743,0.79148,0.00882,0.000169908,0.000169908,0.000169908
91,160.673,0.52061,0.61664,0.00552,0.98502,1,0.995,0.80729,0.80715,0.81208,0.00885,0.000155761,0.000155761,0.000155761
92,162.305,0.49585,0.57517,0.00514,0.98638,1,0.995,0.80129,0.83563,0.82862,0.00918,0.000141614,0.000141614,0.000141614
93,163.903,0.52056,0.64353,0.00632,0.98636,1,0.995,0.80129,0.84871,0.84126,0.00939,0.000127467,0.000127467,0.000127467
94,165.492,0.51079,0.61133,0.00555,0.98577,1,0.995,0.80129,0.85661,0.85167,0.00952,0.00011332,0.00011332,0.00011332
95,167.076,0.5029,0.60491,0.00511,0.98598,1,0.995,0.80774,0.85223,0.86149,0.00943,9.91726e-05,9.91726e-05,9.91726e-05
96,168.63,0.48685,0.60313,0.00532,0.98495,1,0.995,0.80774,0.85058,0.87409,0.0094,8.50255e-05,8.50255e-05,8.50255e-05
97,170.175,0.51788,0.6182,0.00563,0.98358,1,0.995,0.80774,0.84454,0.87844,0.00929,7.08784e-05,7.08784e-05,7.08784e-05
98,171.748,0.49661,0.59971,0.00553,0.98358,1,0.995,0.80774,0.81176,0.89296,0.00905,5.67313e-05,5.67313e-05,5.67313e-05
99,173.317,0.46634,0.57953,0.00496,0.98222,1,0.995,0.80774,0.79848,0.88741,0.00888,4.25842e-05,4.25842e-05,4.25842e-05
100,174.885,0.4643,0.60129,0.00508,0.98231,1,0.995,0.80774,0.79147,0.87361,0.00877,2.84371e-05,2.84371e-05,2.84371e-05
